Comment,Sentiment,cleaned_comment
Happy to share this soulful melody with you all HeyMinnale Amaran,Positive,happy share soulful melody heyminnale amaran
First time just okey Second time amazing Third time mind blowing Fourth time cant forget Fifth time finally addicted Proud of you Siva Anna Proud of you GV Anna,Positive,first time okey second time amazing third time mind blowing fourth time cant forget fifth time finally addicted proud siva anna proud gv anna
One life One Journey Turn up the volume and party hard because YOLO YOLOSong from Kanguva is out now,Negative,one life one journey turn volume party hard yolo yolosong kanguva
Happy to share this soulful melody with you all HeyMinnale Amaran,Positive,happy share soulful melody heyminnale amaran
SKSP pair in GVs love music is,Positive,sksp pair gvs love music
Feel The Love Serenity in Every Note Amaran Second Single VennilavuSaaral is Out Now,Positive,feel love serenity every note amaran second single vennilavusaaral
Why no one is talking about Shweta Mohans melodious voice,Neutral,one talking shweta mohans melodious voice
One life One Journey Turn up the volume and party hard because YOLO YOLOSong from Kanguva is out now,Negative,one life one journey turn volume party hard yolo yolosong kanguva
Sai Pallavi looks so adorable SK looks more young and boyish Pleasant music,Positive,sai pallavi look adorable sk look young boyish pleasant music
First time just okey Second time amazing Third time mind blowing Fourth time cant forget Fifth time finally addicted Proud of you Siva Anna Proud of you GV Anna,Positive,first time okey second time amazing third time mind blowing fourth time cant forget fifth time finally addicted proud siva anna proud gv anna
Happy to share this soulful melody with you all HeyMinnale Amaran,Positive,happy share soulful melody heyminnale amaran
Sai Pallavi looks so adorable SK looks more young and boyish Pleasant music,Positive,sai pallavi look adorable sk look young boyish pleasant music
Feel The Love Serenity in Every Note Amaran Second Single VennilavuSaaral is Out Now,Positive,feel love serenity every note amaran second single vennilavusaaral
One life One Journey Turn up the volume and party hard because YOLO YOLOSong from Kanguva is out now,Negative,one life one journey turn volume party hard yolo yolosong kanguva
SKSP pair in GVs love music is,Positive,sksp pair gvs love music
Why no one is talking about Shweta Mohans melodious voice,Neutral,one talking shweta mohans melodious voice
First time just okey Second time amazing Third time mind blowing Fourth time cant forget Fifth time finally addicted Proud of you Siva Anna Proud of you GV Anna,Positive,first time okey second time amazing third time mind blowing fourth time cant forget fifth time finally addicted proud siva anna proud gv anna
One life One Journey Turn up the volume and party hard because YOLO YOLOSong from Kanguva is out now,Negative,one life one journey turn volume party hard yolo yolosong kanguva
Sai Pallavi looks so adorable SK looks more young and boyish Pleasant music,Positive,sai pallavi look adorable sk look young boyish pleasant music
Happy to share this soulful melody with you all HeyMinnale Amaran,Positive,happy share soulful melody heyminnale amaran
