Comment,Sentiment
Happy to share this soulful melody with you all HeyMinnale Amaran,Positive
First time just okey Second time amazing Third time mind blowing Fourth time cant forget Fifth time finally addicted Proud of you Siva Anna Proud of you GV Anna,Positive
One life One Journey Turn up the volume and party hard because YOLO YOLOSong from Kanguva is out now,Negative
Happy to share this soulful melody with you all HeyMinnale Amaran,Positive
SKSP pair in GVs love music is,Positive
Feel The Love Serenity in Every Note Amaran Second Single VennilavuSaaral is Out Now,Positive
Why no one is talking about Shweta Mohans melodious voice,Neutral
One life One Journey Turn up the volume and party hard because YOLO YOLOSong from Kanguva is out now,Negative
Sai Pallavi looks so adorable SK looks more young and boyish Pleasant music,Positive
First time just okey Second time amazing Third time mind blowing Fourth time cant forget Fifth time finally addicted Proud of you Siva Anna Proud of you GV Anna,Positive
Happy to share this soulful melody with you all HeyMinnale Amaran,Positive
Sai Pallavi looks so adorable SK looks more young and boyish Pleasant music,Positive
Feel The Love Serenity in Every Note Amaran Second Single VennilavuSaaral is Out Now,Positive
One life One Journey Turn up the volume and party hard because YOLO YOLOSong from Kanguva is out now,Negative
SKSP pair in GVs love music is,Positive
Why no one is talking about Shweta Mohans melodious voice,Neutral
First time just okey Second time amazing Third time mind blowing Fourth time cant forget Fifth time finally addicted Proud of you Siva Anna Proud of you GV Anna,Positive
One life One Journey Turn up the volume and party hard because YOLO YOLOSong from Kanguva is out now,Negative
Sai Pallavi looks so adorable SK looks more young and boyish Pleasant music,Positive
Happy to share this soulful melody with you all HeyMinnale Amaran,Positive
